iso_2 ,lat ,lon ,country
AD ,42546245,1601554,andorra
AE ,23424076,53847818,united arab emirates
AF ,3393911,67709953,afghanistan
AG ,17060816,-61796428,antigua and barbuda
AI ,18220554,-63068615,anguilla
AL ,41153332,20168331,albania
AM ,40069099,45038189,armenia
AN ,12226079,-69060087,netherlands antilles
AO ,-11202692,17873887,angola
AQ ,-75250973,-71389,antarctica
AR ,-38416097,-63616672,argentina
AS ,-14270972,-170132217,american samoa
AT ,47516231,14550072,austria
AU ,-25274398,133775136,australia
AW ,1252111,-69968338,aruba
AZ ,40143105,47576927,azerbaijan
BA ,43915886,17679076,bosnia and herzegovina
BB ,13193887,-59543198,barbados
BD ,23684994,90356331,bangladesh
BE ,50503887,4469936,belgium
BF ,12238333,-1561593,burkina faso
BG ,42733883,2548583,bulgaria
BH ,25930414,50637772,bahrain
BI ,-3373056,29918886,burundi
BJ ,930769,2315834,benin
BM ,32321384,-6475737,bermuda
BN ,4535277,114727669,brunei
BO ,-16290154,-63588653,bolivia
BR ,-14235004,-5192528,brazil
BS ,2503428,-7739628,bahamas
BT ,27514162,90433601,bhutan
BV ,-54423199,3413194,bouvet island
BW ,-22328474,24684866,botswana
BY ,53709807,27953389,belarus
BZ ,17189877,-8849765,belize
CA ,56130366,-106346771,canada
CC ,-12164165,96870956,cocos [keeling] islands
CD ,-4038333,21758664,congo [drc]
CF ,6611111,20939444,central african republic
CG ,-228021,15827659,congo [republic]
CH ,46818188,8227512,switzerland
CI ,7539989,-554708,cote d'ivoire
CK ,-21236736,-159777671,cook islands
CL ,-35675147,-71542969,chile
CM ,7369722,12354722,cameroon
CN ,3586166,104195397,china
CO ,4570868,-74297333,colombia
CR ,9748917,-83753428,costa rica
CU ,21521757,-77781167,cuba
CV ,16002082,-24013197,cape verde
CX ,-10447525,105690449,christmas island
CY ,35126413,33429859,cyprus
CZ ,49817492,15472962,czech republic
DE ,51165691,10451526,germany
DJ ,11825138,42590275,djibouti
DK ,5626392,9501785,denmark
DM ,15414999,-61370976,dominica
DO ,18735693,-70162651,dominican republic
DZ ,28033886,1659626,algeria
EC ,-1831239,-78183406,ecuador
EE ,58595272,25013607,estonia
EG ,26820553,30802498,egypt
EH ,24215527,-12885834,western sahara
ER ,15179384,39782334,eritrea
ES ,40463667,-374922,spain
ET ,9145,40489673,ethiopia
FI ,6192411,25748151,finland
FJ ,-16578193,179414413,fiji
FK ,-51796253,-59523613,falkland islands [islas malvinas]
FM ,7425554,150550812,micronesia
FO ,61892635,-6911806,faroe islands
FR ,46227638,2213749,france
GA ,-803689,11609444,gabon
GB ,55378051,-3435973,united kingdom
GD ,12262776,-61604171,grenada
GE ,42315407,43356892,georgia
GF ,3933889,-53125782,french guiana
GG ,49465691,-2585278,guernsey
GH ,7946527,-1023194,ghana
GI ,36137741,-5345374,gibraltar
GL ,71706936,-42604303,greenland
GM ,13443182,-15310139,gambia
GN ,9945587,-9696645,guinea
GP ,16995971,-62067641,guadeloupe
GQ ,1650801,10267895,equatorial guinea
GR ,39074208,21824312,greece
GS ,-54429579,-36587909,south georgia and the south sandwich islands
GT ,15783471,-90230759,guatemala
GU ,13444304,144793731,guam
GW ,11803749,-15180413,guinea-bissau
GY ,4860416,-5893018,guyana
GZ ,31354676,34308825,gaza strip
HK ,22396428,114109497,hong kong
HM ,-5308181,73504158,heard island and mcdonald islands
HN ,15199999,-86241905,honduras
HR ,451,152,croatia
HT ,18971187,-72285215,haiti
HU ,47162494,19503304,hungary
ID ,-789275,113921327,indonesia
IE ,5341291,-824389,ireland
IL ,31046051,34851612,israel
IM ,54236107,-4548056,isle of man
IN ,20593684,7896288,india
IO ,-6343194,71876519,british indian ocean territory
IQ ,33223191,43679291,iraq
IR ,32427908,53688046,iran
IS ,64963051,-19020835,iceland
IT ,4187194,1256738,italy
JE ,49214439,-213125,jersey
JM ,18109581,-77297508,jamaica
JO ,30585164,36238414,jordan
JP ,36204824,138252924,japan
KE ,-23559,37906193,kenya
KG ,4120438,74766098,kyrgyzstan
KH ,12565679,104990963,cambodia
KI ,-3370417,-168734039,kiribati
KM ,-11875001,43872219,comoros
KN ,17357822,-62782998,saint kitts and nevis
KP ,40339852,127510093,north korea
KR ,35907757,127766922,south korea
KW ,2931166,47481766,kuwait
KY ,19513469,-80566956,cayman islands
KZ ,48019573,66923684,kazakhstan
LA ,1985627,102495496,laos
LB ,33854721,35862285,lebanon
LC ,13909444,-60978893,saint lucia
LI ,47166,9555373,liechtenstein
LK ,7873054,80771797,sri lanka
LR ,6428055,-9429499,liberia
LS ,-29609988,28233608,lesotho
LT ,55169438,23881275,lithuania
LU ,49815273,6129583,luxembourg
LV ,56879635,24603189,latvia
LY ,263351,17228331,libya
MA ,31791702,-709262,morocco
MC ,43750298,7412841,monaco
MD ,47411631,28369885,moldova
ME ,42708678,1937439,montenegro
MG ,-18766947,46869107,madagascar
MH ,7131474,171184478,marshall islands
MK ,41608635,21745275,macedonia [fyrom]
ML ,17570692,-3996166,mali
MM ,21913965,95956223,myanmar [burma]
MN ,46862496,103846656,mongolia
MO ,22198745,113543873,macau
MP ,1733083,14538469,northern mariana islands
MQ ,14641528,-61024174,martinique
MR ,2100789,-10940835,mauritania
MS ,16742498,-62187366,montserrat
MT ,35937496,14375416,malta
MU ,-20348404,57552152,mauritius
MV ,3202778,7322068,maldives
MW ,-13254308,34301525,malawi
MX ,23634501,-102552784,mexico
MY ,4210484,101975766,malaysia
MZ ,-18665695,35529562,mozambique
NA ,-2295764,1849041,namibia
NC ,-20904305,165618042,new caledonia
NE ,17607789,8081666,niger
NF ,-29040835,167954712,norfolk island
NG ,9081999,8675277,nigeria
NI ,12865416,-85207229,nicaragua
NL ,52132633,5291266,netherlands
NO ,60472024,8468946,norway
NP ,28394857,84124008,nepal
NR ,-522778,166931503,nauru
NU ,-19054445,-169867233,niue
NZ ,-40900557,174885971,new zealand
OM ,21512583,55923255,oman
PA ,8537981,-80782127,panama
PE ,-9189967,-75015152,peru
PF ,-17679742,-149406843,french polynesia
PG ,-6314993,14395555,papua new guinea
PH ,12879721,121774017,philippines
PK ,30375321,69345116,pakistan
PL ,51919438,19145136,poland
PM ,46941936,-5627111,saint pierre and miquelon
PN ,-24703615,-127439308,pitcairn islands
PR ,18220833,-66590149,puerto rico
PS ,31952162,35233154,palestinian territories
PT ,39399872,-8224454,portugal
PW ,751498,13458252,palau
PY ,-23442503,-58443832,paraguay
QA ,25354826,51183884,qatar
RE ,-21115141,55536384,reunion
RO ,45943161,2496676,romania
RS ,44016521,21005859,serbia
RU ,6152401,105318756,russia
RW ,-1940278,29873888,rwanda
SA ,23885942,45079162,saudi arabia
SB ,-964571,160156194,solomon islands
SC ,-4679574,55491977,seychelles
SD ,12862807,30217636,sudan
SE ,60128161,18643501,sweden
SG ,1352083,103819836,singapore
SH ,-24143474,-10030696,saint helena
SI ,46151241,14995463,slovenia
SJ ,77553604,23670272,svalbard and jan mayen
SK ,48669026,19699024,slovakia
SL ,8460555,-11779889,sierra leone
SM ,4394236,12457777,san marino
SN ,14497401,-14452362,senegal
SO ,5152149,46199616,somalia
SR ,3919305,-56027783,suriname
SV ,13794185,-8889653,el salvador
SY ,34802075,38996815,syria
SZ ,-26522503,31465866,swaziland
TC ,21694025,-71797928,turks and caicos islands
TD ,15454166,18732207,chad
TF ,-49280366,69348557,french southern territories
TG ,8619543,824782,togo
TH ,15870032,100992541,thailand
TJ ,38861034,71276093,tajikistan
TK ,-8967363,-171855881,tokelau
TL ,-8874217,125727539,timor-leste
TM ,38969719,59556278,turkmenistan
TN ,33886917,9537499,tunisia
TO ,-21178986,-175198242,tonga
TR ,38963745,35243322,turkey
TT ,10691803,-61222503,trinidad and tobago
TV ,-7109535,17764933,tuvalu
TW ,2369781,120960515,taiwan
TZ ,-6369028,34888822,tanzania
UA ,48379433,3116558,ukraine
UG ,1373333,32290275,uganda
US ,3709024,-95712891,united states
UY ,-32522779,-55765835,uruguay
UZ ,41377491,64585262,uzbekistan
VA ,41902916,12453389,vatican city
VC ,12984305,-61287228,saint vincent and the grenadines
VE ,642375,-6658973,venezuela
VG ,18420695,-64639968,british virgin islands
VI ,18335765,-64896335,u.s. virgin islands
VN ,14058324,108277199,vietnam
VU ,-15376706,166959158,vanuatu
WF ,-13768752,-177156097,wallis and futuna
WS ,-13759029,-172104629,samoa
XK ,42602636,20902977,kosovo
YE ,15552727,48516388,yemen
YT ,-128275,45166244,mayotte
ZA ,-30559482,22937506,south africa
ZM ,-13133897,27849332,zambia
ZW ,-19015438,29154857,zimbabwe
